{
  "dishes": [
    {
      "name": "Гречка с овощами",
      "id": "1"
    },
    {
      "name": "Пюре с котлетой",
      "id": "2"
    },
    {
      "name": "Рис с кобачком",
      "id": "3"
    },
    {
      "name": "Каша",
      "id": "4"
    },
    {
      "name": "Макароны с тефтелями",
      "id": "5"
    }
  ],
  "dishFull": {
    "id": "5",
    "name": "Борщ",
    "qty": "7",
    "text": "<p><strong>Состав:</strong> апельсины, яблоки, банан (мякоть), сироп малины, натуральный йогурт</p><p><strong>Вес:</strong> 150 гр</p><p><strong>Калорийность:</strong> 250 Ккал/100 гр; Белки 20, жиры 15, углеводы 25</p>",
    "allergen": "Цитрусовые"
  }
}